{
    "counter": {
        "ACTIVE": 13338,
        "INACTIVE": 7661,
        "INVALID": 1,
        "MALICIOUS": 0,
        "SANE": 0,
        "VALID": 0,
        "total": 21000
    },
    "percentage": {
        "ACTIVE": 63.51428571428571,
        "INACTIVE": 36.48790245761097,
        "INVALID": 0.00853752241099633,
        "MALICIOUS": 0,
        "SANE": 0,
        "VALID": 0,
        "total": 100.01072569430767
    }
}