{
    "counter": {
        "ACTIVE": 18815,
        "INACTIVE": 2184,
        "INVALID": 1,
        "MALICIOUS": 0,
        "SANE": 0,
        "VALID": 0,
        "total": 21000
    },
    "percentage": {
        "ACTIVE": 89.5952380952381,
        "INACTIVE": 10.404954740352549,
        "INVALID": 0.004846370068818455,
        "MALICIOUS": 0,
        "SANE": 0,
        "VALID": 0,
        "total": 100.00503920565947
    }
}