{
    "counter": {
        "ACTIVE": 18490,
        "INACTIVE": 2509,
        "INVALID": 1,
        "MALICIOUS": 0,
        "SANE": 0,
        "VALID": 0,
        "total": 21000
    },
    "percentage": {
        "ACTIVE": 88.04761904761905,
        "INACTIVE": 11.973276067764257,
        "INVALID": 0.004846370068818455,
        "MALICIOUS": 0,
        "SANE": 0,
        "VALID": 0,
        "total": 100.02574148545213
    }
}