{
    "counter": {
        "ACTIVE": 18535,
        "INACTIVE": 2464,
        "INVALID": 1,
        "MALICIOUS": 0,
        "SANE": 0,
        "VALID": 0,
        "total": 21000
    },
    "percentage": {
        "ACTIVE": 88.26190476190476,
        "INACTIVE": 11.738923296808004,
        "INVALID": 0.004846370068818455,
        "MALICIOUS": 0,
        "SANE": 0,
        "VALID": 0,
        "total": 100.00567442878157
    }
}