{
    "counter": {
        "ACTIVE": 18763,
        "INACTIVE": 2236,
        "INVALID": 1,
        "MALICIOUS": 0,
        "SANE": 0,
        "VALID": 0,
        "total": 21000
    },
    "percentage": {
        "ACTIVE": 89.34761904761905,
        "INACTIVE": 10.674050028642352,
        "INVALID": 0.004846370068818455,
        "MALICIOUS": 0,
        "SANE": 0,
        "VALID": 0,
        "total": 100.02651544633022
    }
}