{
    "counter": {
        "ACTIVE": 19192,
        "INACTIVE": 1807,
        "INVALID": 1,
        "MALICIOUS": 0,
        "SANE": 0,
        "VALID": 0,
        "total": 21000
    },
    "percentage": {
        "ACTIVE": 91.39047619047619,
        "INACTIVE": 8.608861362553597,
        "INVALID": 0.004846370068818455,
        "MALICIOUS": 0,
        "SANE": 0,
        "VALID": 0,
        "total": 100.00418392309861
    }
}