{
    "counter": {
        "ACTIVE": 19716,
        "INACTIVE": 1284,
        "INVALID": 0,
        "MALICIOUS": 0,
        "SANE": 0,
        "VALID": 0,
        "total": 21000
    },
    "percentage": {
        "ACTIVE": 93.88571428571429,
        "INACTIVE": 6.115159308472639,
        "INVALID": 0,
        "MALICIOUS": 0,
        "SANE": 0,
        "VALID": 0,
        "total": 100.00087359418693
    }
}