{
    "counter": {
        "ACTIVE": 16508,
        "INACTIVE": 4491,
        "INVALID": 1,
        "MALICIOUS": 0,
        "SANE": 0,
        "VALID": 0,
        "total": 21000
    },
    "percentage": {
        "ACTIVE": 78.61701114391848,
        "INACTIVE": 21.385714285714286,
        "INVALID": 0.016578249336870028,
        "MALICIOUS": 0,
        "SANE": 0,
        "VALID": 0,
        "total": 100.01930367896964
    }
}